[
    {
        "anonymous": false,
        "inputs": [
            {
                "indexed": true,
                "internalType": "uint256",
                "name": "id",
                "type": "uint256"
            },
            {
                "indexed": false,
                "internalType": "uint256",
                "name": "debtShare",
                "type": "uint256"
            }
        ],
        "name": "AddDebt",
        "type": "event"
    },
    {
        "anonymous": false,
        "inputs": [
            {
                "indexed": true,
                "internalType": "uint256",
                "name": "id",
                "type": "uint256"
            },
            {
                "indexed": true,
                "internalType": "address",
                "name": "killer",
                "type": "address"
            },
            {
                "indexed": false,
                "internalType": "uint256",
                "name": "prize",
                "type": "uint256"
            },
            {
                "indexed": false,
                "internalType": "uint256",
                "name": "left",
                "type": "uint256"
            }
        ],
        "name": "Kill",
        "type": "event"
    },
    {
        "anonymous": false,
        "inputs": [
            {
                "indexed": true,
                "internalType": "uint256",
                "name": "id",
                "type": "uint256"
            },
            {
                "indexed": false,
                "internalType": "uint256",
                "name": "debtShare",
                "type": "uint256"
            }
        ],
        "name": "RemoveDebt",
        "type": "event"
    },
    {
        "anonymous": false,
        "inputs": [
            {
                "indexed": true,
                "internalType": "uint256",
                "name": "id",
                "type": "uint256"
            },
            {
                "indexed": false,
                "internalType": "uint256",
                "name": "debt",
                "type": "uint256"
            },
            {
                "indexed": false,
                "internalType": "uint256",
                "name": "back",
                "type": "uint256"
            }
        ],
        "name": "Work",
        "type": "event"
    },
    {
        "inputs": [],
        "name": "acceptGovernor",
        "outputs": [],
        "stateMutability": "nonpayable",
        "type": "function"
    },
    {
        "inputs": [
            {
                "internalType": "address",
                "name": "token",
                "type": "address"
            },
            {
                "internalType": "string",
                "name": "_symbol",
                "type": "string"
            }
        ],
        "name": "addBank",
        "outputs": [],
        "stateMutability": "nonpayable",
        "type": "function"
    },
    {
        "inputs": [
            {
                "internalType": "address",
                "name": "",
                "type": "address"
            }
        ],
        "name": "banks",
        "outputs": [
            {
                "internalType": "address",
                "name": "tokenAddr",
                "type": "address"
            },
            {
                "internalType": "address",
                "name": "ibTokenAddr",
                "type": "address"
            },
            {
                "internalType": "bool",
                "name": "isOpen",
                "type": "bool"
            },
            {
                "internalType": "bool",
                "name": "canDeposit",
                "type": "bool"
            },
            {
                "internalType": "bool",
                "name": "canWithdraw",
                "type": "bool"
            },
            {
                "internalType": "uint256",
                "name": "totalVal",
                "type": "uint256"
            },
            {
                "internalType": "uint256",
                "name": "totalDebt",
                "type": "uint256"
            },
            {
                "internalType": "uint256",
                "name": "totalDebtShare",
                "type": "uint256"
            },
            {
                "internalType": "uint256",
                "name": "totalReserve",
                "type": "uint256"
            },
            {
                "internalType": "uint256",
                "name": "lastInterestTime",
                "type": "uint256"
            }
        ],
        "stateMutability": "view",
        "type": "function"
    },
    {
        "inputs": [
            {
                "internalType": "address",
                "name": "token",
                "type": "address"
            }
        ],
        "name": "calInterest",
        "outputs": [],
        "stateMutability": "nonpayable",
        "type": "function"
    },
    {
        "inputs": [],
        "name": "config",
        "outputs": [
            {
                "internalType": "contract BankConfig",
                "name": "",
                "type": "address"
            }
        ],
        "stateMutability": "view",
        "type": "function"
    },
    {
        "inputs": [
            {
                "internalType": "uint256",
                "name": "pid",
                "type": "uint256"
            },
            {
                "internalType": "bool",
                "name": "isOpen",
                "type": "bool"
            },
            {
                "internalType": "bool",
                "name": "canBorrow",
                "type": "bool"
            },
            {
                "internalType": "address",
                "name": "coinToken",
                "type": "address"
            },
            {
                "internalType": "address",
                "name": "currencyToken",
                "type": "address"
            },
            {
                "internalType": "address",
                "name": "borrowToken",
                "type": "address"
            },
            {
                "internalType": "address",
                "name": "goblin",
                "type": "address"
            },
            {
                "internalType": "uint256",
                "name": "minDebt",
                "type": "uint256"
            },
            {
                "internalType": "uint256",
                "name": "maxDebt",
                "type": "uint256"
            },
            {
                "internalType": "uint256",
                "name": "openFactor",
                "type": "uint256"
            },
            {
                "internalType": "uint256",
                "name": "liquidateFactor",
                "type": "uint256"
            }
        ],
        "name": "createProduction",
        "outputs": [],
        "stateMutability": "nonpayable",
        "type": "function"
    },
    {
        "inputs": [
            {
                "internalType": "address",
                "name": "addr",
                "type": "address"
            },
            {
                "internalType": "bool",
                "name": "status",
                "type": "bool"
            }
        ],
        "name": "createkillWhitelist",
        "outputs": [],
        "stateMutability": "nonpayable",
        "type": "function"
    },
    {
        "inputs": [],
        "name": "currentPid",
        "outputs": [
            {
                "internalType": "uint256",
                "name": "",
                "type": "uint256"
            }
        ],
        "stateMutability": "view",
        "type": "function"
    },
    {
        "inputs": [],
        "name": "currentPos",
        "outputs": [
            {
                "internalType": "uint256",
                "name": "",
                "type": "uint256"
            }
        ],
        "stateMutability": "view",
        "type": "function"
    },
    {
        "inputs": [
            {
                "internalType": "address",
                "name": "token",
                "type": "address"
            },
            {
                "internalType": "uint256",
                "name": "debtShare",
                "type": "uint256"
            }
        ],
        "name": "debtShareToVal",
        "outputs": [
            {
                "internalType": "uint256",
                "name": "",
                "type": "uint256"
            }
        ],
        "stateMutability": "view",
        "type": "function"
    },
    {
        "inputs": [
            {
                "internalType": "address",
                "name": "token",
                "type": "address"
            },
            {
                "internalType": "uint256",
                "name": "debtVal",
                "type": "uint256"
            }
        ],
        "name": "debtValToShare",
        "outputs": [
            {
                "internalType": "uint256",
                "name": "",
                "type": "uint256"
            }
        ],
        "stateMutability": "view",
        "type": "function"
    },
    {
        "inputs": [
            {
                "internalType": "address",
                "name": "token",
                "type": "address"
            },
            {
                "internalType": "uint256",
                "name": "amount",
                "type": "uint256"
            }
        ],
        "name": "deposit",
        "outputs": [],
        "stateMutability": "payable",
        "type": "function"
    },
    {
        "inputs": [],
        "name": "devAddr",
        "outputs": [
            {
                "internalType": "address",
                "name": "",
                "type": "address"
            }
        ],
        "stateMutability": "view",
        "type": "function"
    },
    {
        "inputs": [
            {
                "internalType": "string",
                "name": "_symbol",
                "type": "string"
            }
        ],
        "name": "genIBToken",
        "outputs": [
            {
                "internalType": "address",
                "name": "",
                "type": "address"
            }
        ],
        "stateMutability": "nonpayable",
        "type": "function"
    },
    {
        "inputs": [],
        "name": "getAllPosition",
        "outputs": [
            {
                "components": [
                    {
                        "internalType": "uint256",
                        "name": "posid",
                        "type": "uint256"
                    },
                    {
                        "internalType": "address",
                        "name": "token0",
                        "type": "address"
                    },
                    {
                        "internalType": "address",
                        "name": "token1",
                        "type": "address"
                    },
                    {
                        "internalType": "address",
                        "name": "borrowToken",
                        "type": "address"
                    },
                    {
                        "internalType": "uint256",
                        "name": "positionsValue",
                        "type": "uint256"
                    },
                    {
                        "internalType": "uint256",
                        "name": "totalValue",
                        "type": "uint256"
                    },
                    {
                        "internalType": "address",
                        "name": "goblin",
                        "type": "address"
                    }
                ],
                "internalType": "struct Bank.Pos[]",
                "name": "",
                "type": "tuple[]"
            }
        ],
        "stateMutability": "view",
        "type": "function"
    },
    {
        "inputs": [
            {
                "internalType": "address",
                "name": "user",
                "type": "address"
            }
        ],
        "name": "getUserPosition",
        "outputs": [
            {
                "components": [
                    {
                        "internalType": "uint256",
                        "name": "posid",
                        "type": "uint256"
                    },
                    {
                        "internalType": "address",
                        "name": "token0",
                        "type": "address"
                    },
                    {
                        "internalType": "address",
                        "name": "token1",
                        "type": "address"
                    },
                    {
                        "internalType": "address",
                        "name": "borrowToken",
                        "type": "address"
                    },
                    {
                        "internalType": "uint256",
                        "name": "positionsValue",
                        "type": "uint256"
                    },
                    {
                        "internalType": "uint256",
                        "name": "totalValue",
                        "type": "uint256"
                    },
                    {
                        "internalType": "address",
                        "name": "goblin",
                        "type": "address"
                    }
                ],
                "internalType": "struct Bank.Pos[]",
                "name": "",
                "type": "tuple[]"
            }
        ],
        "stateMutability": "view",
        "type": "function"
    },
    {
        "inputs": [],
        "name": "governor",
        "outputs": [
            {
                "internalType": "address",
                "name": "",
                "type": "address"
            }
        ],
        "stateMutability": "view",
        "type": "function"
    },
    {
        "inputs": [
            {
                "internalType": "address",
                "name": "token",
                "type": "address"
            },
            {
                "internalType": "uint256",
                "name": "amount",
                "type": "uint256"
            }
        ],
        "name": "ibTokenCalculation",
        "outputs": [
            {
                "internalType": "uint256",
                "name": "",
                "type": "uint256"
            }
        ],
        "stateMutability": "view",
        "type": "function"
    },
    {
        "inputs": [
            {
                "internalType": "contract BankConfig",
                "name": "_config",
                "type": "address"
            }
        ],
        "name": "initialize",
        "outputs": [],
        "stateMutability": "nonpayable",
        "type": "function"
    },
    {
        "inputs": [
            {
                "internalType": "uint256",
                "name": "posId",
                "type": "uint256"
            }
        ],
        "name": "kill",
        "outputs": [],
        "stateMutability": "payable",
        "type": "function"
    },
    {
        "inputs": [
            {
                "internalType": "address",
                "name": "",
                "type": "address"
            }
        ],
        "name": "killWhitelist",
        "outputs": [
            {
                "internalType": "bool",
                "name": "",
                "type": "bool"
            }
        ],
        "stateMutability": "view",
        "type": "function"
    },
    {
        "inputs": [],
        "name": "pendingGovernor",
        "outputs": [
            {
                "internalType": "address",
                "name": "",
                "type": "address"
            }
        ],
        "stateMutability": "view",
        "type": "function"
    },
    {
        "inputs": [
            {
                "internalType": "uint256",
                "name": "posId",
                "type": "uint256"
            }
        ],
        "name": "positionInfo",
        "outputs": [
            {
                "internalType": "uint256",
                "name": "",
                "type": "uint256"
            },
            {
                "internalType": "uint256",
                "name": "",
                "type": "uint256"
            },
            {
                "internalType": "uint256",
                "name": "",
                "type": "uint256"
            },
            {
                "internalType": "address",
                "name": "",
                "type": "address"
            }
        ],
        "stateMutability": "view",
        "type": "function"
    },
    {
        "inputs": [
            {
                "internalType": "uint256",
                "name": "",
                "type": "uint256"
            }
        ],
        "name": "positions",
        "outputs": [
            {
                "internalType": "address",
                "name": "owner",
                "type": "address"
            },
            {
                "internalType": "uint256",
                "name": "productionId",
                "type": "uint256"
            },
            {
                "internalType": "uint256",
                "name": "debtShare",
                "type": "uint256"
            }
        ],
        "stateMutability": "view",
        "type": "function"
    },
    {
        "inputs": [
            {
                "internalType": "uint256",
                "name": "",
                "type": "uint256"
            }
        ],
        "name": "productions",
        "outputs": [
            {
                "internalType": "address",
                "name": "coinToken",
                "type": "address"
            },
            {
                "internalType": "address",
                "name": "currencyToken",
                "type": "address"
            },
            {
                "internalType": "address",
                "name": "borrowToken",
                "type": "address"
            },
            {
                "internalType": "bool",
                "name": "isOpen",
                "type": "bool"
            },
            {
                "internalType": "bool",
                "name": "canBorrow",
                "type": "bool"
            },
            {
                "internalType": "address",
                "name": "goblin",
                "type": "address"
            },
            {
                "internalType": "uint256",
                "name": "minDebt",
                "type": "uint256"
            },
            {
                "internalType": "uint256",
                "name": "maxDebt",
                "type": "uint256"
            },
            {
                "internalType": "uint256",
                "name": "openFactor",
                "type": "uint256"
            },
            {
                "internalType": "uint256",
                "name": "liquidateFactor",
                "type": "uint256"
            }
        ],
        "stateMutability": "view",
        "type": "function"
    },
    {
        "inputs": [
            {
                "internalType": "address",
                "name": "addr",
                "type": "address"
            }
        ],
        "name": "setDevAddr",
        "outputs": [],
        "stateMutability": "nonpayable",
        "type": "function"
    },
    {
        "inputs": [
            {
                "internalType": "address",
                "name": "_pendingGovernor",
                "type": "address"
            }
        ],
        "name": "setPendingGovernor",
        "outputs": [],
        "stateMutability": "nonpayable",
        "type": "function"
    },
    {
        "inputs": [
            {
                "internalType": "address",
                "name": "token",
                "type": "address"
            }
        ],
        "name": "totalToken",
        "outputs": [
            {
                "internalType": "uint256",
                "name": "",
                "type": "uint256"
            }
        ],
        "stateMutability": "view",
        "type": "function"
    },
    {
        "inputs": [
            {
                "internalType": "contract BankConfig",
                "name": "_config",
                "type": "address"
            }
        ],
        "name": "updateConfig",
        "outputs": [],
        "stateMutability": "nonpayable",
        "type": "function"
    },
    {
        "inputs": [
            {
                "internalType": "address",
                "name": "",
                "type": "address"
            },
            {
                "internalType": "uint256",
                "name": "",
                "type": "uint256"
            }
        ],
        "name": "userPosition",
        "outputs": [
            {
                "internalType": "uint256",
                "name": "",
                "type": "uint256"
            }
        ],
        "stateMutability": "view",
        "type": "function"
    },
    {
        "inputs": [
            {
                "internalType": "address",
                "name": "token",
                "type": "address"
            },
            {
                "internalType": "uint256",
                "name": "pAmount",
                "type": "uint256"
            }
        ],
        "name": "withdraw",
        "outputs": [],
        "stateMutability": "nonpayable",
        "type": "function"
    },
    {
        "inputs": [
            {
                "internalType": "address",
                "name": "token",
                "type": "address"
            },
            {
                "internalType": "address",
                "name": "to",
                "type": "address"
            },
            {
                "internalType": "uint256",
                "name": "value",
                "type": "uint256"
            }
        ],
        "name": "withdrawReserve",
        "outputs": [],
        "stateMutability": "nonpayable",
        "type": "function"
    },
    {
        "inputs": [
            {
                "internalType": "uint256",
                "name": "posId",
                "type": "uint256"
            },
            {
                "internalType": "uint256",
                "name": "pid",
                "type": "uint256"
            },
            {
                "internalType": "uint256",
                "name": "borrow",
                "type": "uint256"
            },
            {
                "internalType": "bytes",
                "name": "data",
                "type": "bytes"
            }
        ],
        "name": "work",
        "outputs": [],
        "stateMutability": "payable",
        "type": "function"
    },
    {
        "stateMutability": "payable",
        "type": "receive"
    }
]