[
    {
        "inputs": [
            {
                "internalType": "address",
                "name": "strategy",
                "type": "address"
            },
            {
                "internalType": "address",
                "name": "_token0",
                "type": "address"
            },
            {
                "internalType": "address",
                "name": "_token1",
                "type": "address"
            },
            {
                "internalType": "uint256",
                "name": "_token0Amount",
                "type": "uint256"
            },
            {
                "internalType": "uint256",
                "name": "_token1Amount",
                "type": "uint256"
            },
            {
                "internalType": "uint256",
                "name": "_minLPAmount",
                "type": "uint256"
            }
        ],
        "name": "add_encode",
        "outputs": [
            {
                "internalType": "bytes",
                "name": "",
                "type": "bytes"
            }
        ],
        "stateMutability": "pure",
        "type": "function"
    },
    {
        "inputs": [
            {
                "internalType": "address",
                "name": "strategy",
                "type": "address"
            },
            {
                "internalType": "address",
                "name": "_token0",
                "type": "address"
            },
            {
                "internalType": "address",
                "name": "_token1",
                "type": "address"
            },
            {
                "internalType": "uint256",
                "name": "_whichWantBack",
                "type": "uint256"
            }
        ],
        "name": "withdraw_encode",
        "outputs": [
            {
                "internalType": "bytes",
                "name": "",
                "type": "bytes"
            }
        ],
        "stateMutability": "pure",
        "type": "function"
    }
]